"state","year","cigsale","lnincome","beer","age15to24","retprice","UnitId"
"Alabama",1970,89.8,NA,NA,0.1788618,39.6,1
"Alabama",1971,95.4,NA,NA,0.1799278,42.7,1
"Alabama",1972,101.1,9.498476,NA,0.1809939,42.3,1
"Alabama",1973,102.9,9.550107,NA,0.1820599,42.1,1
"Alabama",1974,108.2,9.537163,NA,0.183126,43.1,1
"Alabama",1975,111.7,9.540031,NA,0.1841921,46.6,1
"Alabama",1976,116.2,9.591908,NA,0.1852581,50.4,1
"Alabama",1977,117.1,9.617496,NA,0.1863242,50.1,1
"Alabama",1978,123,9.654072,NA,0.1873902,55.1,1
"Alabama",1979,121.4,9.64918,NA,0.1884563,56.8,1
"Alabama",1980,123.2,9.612194,NA,0.1895223,60.6,1
"Alabama",1981,119.6,9.609594,NA,0.1858422,68.8,1
"Alabama",1982,119.1,9.59758,NA,0.1821621,73.1,1
"Alabama",1983,116.3,9.626769,NA,0.178482,84.4,1
"Alabama",1984,113,9.671621,18,0.1748019,90.8,1
"Alabama",1985,114.5,9.703193,18.7,0.1711218,99,1
"Alabama",1986,116.3,9.74595,19.3,0.1674417,103,1
"Alabama",1987,114,9.762092,19.4,0.1637616,110,1
"Alabama",1988,112.1,9.78177,19.4,0.1600815,114.4,1
"Alabama",1989,105.6,9.802527,19.4,0.1564014,122.3,1
"Alabama",1990,108.6,9.81429,20.1,0.1527212,139.1,1
"Alabama",1991,107.9,9.81926,20.1,NA,144.4,1
"Alabama",1992,109.1,9.845286,20.4,NA,172.2,1
"Alabama",1993,108.5,9.85216,20.3,NA,176.2,1
"Alabama",1994,107.1,9.879334,21,NA,154.6,1
"Alabama",1995,102.6,9.924404,20.6,NA,155.1,1
"Alabama",1996,101.4,9.940027,21,NA,158.3,1
"Alabama",1997,104.9,9.93727,20.8,NA,167.4,1
"Alabama",1998,106.2,NA,NA,NA,180.5,1
"Alabama",1999,100.7,NA,NA,NA,195.6,1
"Alabama",2000,96.2,NA,NA,NA,270.7,1
"Arkansas",1970,100.3,NA,NA,0.1690068,36.7,2
"Arkansas",1971,104.1,NA,NA,0.1699539,38.8,2
"Arkansas",1972,103.9,9.464514,NA,0.170901,44.1,2
"Arkansas",1973,108,9.55683,NA,0.171848,45.1,2
"Arkansas",1974,109.7,9.542286,NA,0.1727951,45.5,2
"Arkansas",1975,114.8,9.514094,NA,0.1737422,48.6,2
"Arkansas",1976,119.1,9.558153,NA,0.1746893,50.9,2
"Arkansas",1977,122.6,9.590923,NA,0.1756364,52.6,2
"Arkansas",1978,127.3,9.657238,NA,0.1765835,56.5,2
"Arkansas",1979,126.5,9.633533,NA,0.1775306,58.4,2
"Arkansas",1980,131.8,9.573803,NA,0.1784777,61.5,2
"Arkansas",1981,128.7,9.593041,NA,0.1750111,64.7,2
"Arkansas",1982,127.4,9.5737,NA,0.1715445,72.1,2
"Arkansas",1983,128,9.593053,NA,0.1680779,82,2
"Arkansas",1984,123.1,9.65044,17.9,0.1646114,93.6,2
"Arkansas",1985,125.8,9.675527,18.1,0.1611448,98.5,2
"Arkansas",1986,126,9.705939,18.7,0.1576782,103.6,2
"Arkansas",1987,122.3,9.705574,19,0.1542116,113,2
"Arkansas",1988,121.5,9.721532,18.9,0.150745,119.9,2
"Arkansas",1989,118.3,9.73737,19,0.1472785,127.7,2
"Arkansas",1990,113.1,9.736311,19.9,0.1438119,141.2,2
"Arkansas",1991,116.8,9.743068,19.9,NA,146.5,2
"Arkansas",1992,126,9.788629,20,NA,177.3,2
"Arkansas",1993,113.8,9.785142,19.7,NA,179.9,2
"Arkansas",1994,108.8,9.813631,19.7,NA,168.1,2
"Arkansas",1995,113,9.86446,19.5,NA,167.3,2
"Arkansas",1996,110.7,9.885234,20.1,NA,167.1,2
"Arkansas",1997,108.7,9.883107,19.8,NA,181.3,2
"Arkansas",1998,109.5,NA,NA,NA,187.3,2
"Arkansas",1999,104.8,NA,NA,NA,206.9,2
"Arkansas",2000,99.4,NA,NA,NA,279.3,2
"California",1970,123,NA,NA,0.1781583,38.8,3
"California",1971,121,NA,NA,0.1792964,39.7,3
"California",1972,123.5,9.930814,NA,0.1804344,39.9,3
"California",1973,124.4,9.955092,NA,0.1815724,39.9,3
"California",1974,126.7,9.947999,NA,0.1827104,41.9,3
"California",1975,127.1,9.937167,NA,0.1838485,45,3
"California",1976,128,9.976858,NA,0.1849865,48.3,3
"California",1977,126.4,10.0027,NA,0.1861245,49,3
"California",1978,126.1,10.04556,NA,0.1872625,58.7,3
"California",1979,121.9,10.05469,NA,0.1884006,60.1,3
"California",1980,120.2,10.03784,NA,0.1895386,62.1,3
"California",1981,118.6,10.02863,NA,0.1855371,66.4,3
"California",1982,115.4,10.01253,NA,0.1815355,72.8,3
"California",1983,110.8,10.03174,NA,0.1775339,84.9,3
"California",1984,104.8,10.07536,25,0.1735324,94.9,3
"California",1985,102.8,10.0997,24,0.1695308,98,3
"California",1986,99.7,10.12727,24.7,0.1655293,104.4,3
"California",1987,97.5,10.1343,24.1,0.1615277,103.9,3
"California",1988,90.1,10.14166,23.6,0.1575262,117.4,3
"California",1989,82.4,10.14231,23.7,0.1535246,126.4,3
"California",1990,77.8,10.14162,23.8,0.149523,163.8,3
"California",1991,68.7,10.11071,22.3,NA,186.8,3
"California",1992,67.5,10.11494,21.3,NA,201.9,3
"California",1993,63.4,10.0985,20.8,NA,205.1,3
"California",1994,58.6,10.09951,20.1,NA,190.3,3
"California",1995,56.4,10.15592,19.7,NA,195.1,3
"California",1996,54.5,10.17864,19.1,NA,197.9,3
"California",1997,53.8,10.17519,19.5,NA,200.3,3
"California",1998,52.3,NA,NA,NA,207.8,3
"California",1999,47.2,NA,NA,NA,224.9,3
"California",2000,41.6,NA,NA,NA,351.2,3
"Colorado",1970,124.8,NA,NA,0.1909502,29.4,4
"Colorado",1971,125.5,NA,NA,0.1916476,31.1,4
"Colorado",1972,134.3,9.805548,NA,0.192345,31.2,4
"Colorado",1973,137.9,9.848413,NA,0.1930423,32.7,4
"Colorado",1974,132.8,9.840451,NA,0.1937397,38.1,4
"Colorado",1975,131,9.828461,NA,0.1944371,41.7,4
"Colorado",1976,134.2,9.858913,NA,0.1951344,44.8,4
"Colorado",1977,132,9.888447,NA,0.1958318,44.7,4
"Colorado",1978,129.2,9.933751,NA,0.1965291,57.4,4
"Colorado",1979,131.5,9.94222,NA,0.1972265,52.8,4
"Colorado",1980,131,9.943612,NA,0.1979239,54.6,4
"Colorado",1981,133.8,9.957273,NA,0.1918687,58.1,4
"Colorado",1982,130.5,9.962617,NA,0.1858136,61.4,4
"Colorado",1983,125.3,9.978037,NA,0.1797584,73.3,4
"Colorado",1984,119.7,10.00205,25.7,0.1737033,83.4,4
"Colorado",1985,112.4,10.00078,25.2,0.1676481,93.1,4
"Colorado",1986,109.9,10.00159,25.5,0.1615929,95.1,4
"Colorado",1987,102.4,9.994427,24.8,0.1555378,108.6,4
"Colorado",1988,94.6,10.01883,24.2,0.1494826,116,4
"Colorado",1989,88.8,10.04306,23.9,0.1434275,130.8,4
"Colorado",1990,87.4,10.04625,24.2,0.1373723,149.3,4
"Colorado",1991,90.2,10.05476,23.5,NA,152.6,4
"Colorado",1992,88.3,10.06634,23.7,NA,157.5,4
"Colorado",1993,88.6,10.07967,23.5,NA,168.2,4
"Colorado",1994,89.1,10.09746,23.1,NA,153.2,4
"Colorado",1995,85.4,10.16635,24.4,NA,164.2,4
"Colorado",1996,83.1,10.19144,24.8,NA,169.6,4
"Colorado",1997,81.3,10.2039,24,NA,174.4,4
"Colorado",1998,81.2,NA,NA,NA,185.8,4
"Colorado",1999,79.6,NA,NA,NA,204.2,4
"Colorado",2000,73,NA,NA,NA,281.3,4
"Connecticut",1970,120,NA,NA,0.1629288,42.2,5
"Connecticut",1971,117.6,NA,NA,0.1646539,45.5,5
"Connecticut",1972,110.8,9.981137,NA,0.166379,51.3,5
"Connecticut",1973,109.3,10.01299,NA,0.1681042,50.6,5
"Connecticut",1974,112.4,9.988535,NA,0.1698293,52.5,5
"Connecticut",1975,110.2,9.960749,NA,0.1715545,54.5,5
"Connecticut",1976,113.4,9.993227,NA,0.1732796,57.6,5
"Connecticut",1977,117.3,10.02807,NA,0.1750048,58.4,5
"Connecticut",1978,117.5,10.0632,NA,0.1767299,61.7,5
"Connecticut",1979,117.4,10.07551,NA,0.178455,64.4,5
"Connecticut",1980,118,10.07476,NA,0.1801802,67,5
"Connecticut",1981,116.4,10.07957,NA,0.1760501,80.1,5
"Connecticut",1982,114.7,10.09016,NA,0.1719199,85.6,5
"Connecticut",1983,114.1,10.12007,NA,0.1677898,95.6,5
"Connecticut",1984,112.5,10.1816,20.3,0.1636597,113.5,5
"Connecticut",1985,111,10.21292,20.8,0.1595296,118.6,5
"Connecticut",1986,108.5,10.26861,20.6,0.1553994,118.5,5
"Connecticut",1987,109,10.30923,21.1,0.1512693,122.7,5
"Connecticut",1988,104.8,10.3554,20.7,0.1471392,129.7,5
"Connecticut",1989,100.6,10.36652,19.8,0.1430091,142,5
"Connecticut",1990,91.5,10.3493,19.8,0.138879,171.2,5
"Connecticut",1991,86.7,10.32414,18.7,NA,175.6,5
"Connecticut",1992,83.5,10.34384,18.3,NA,193.5,5
"Connecticut",1993,79.1,10.34354,17.9,NA,202.3,5
"Connecticut",1994,76.6,10.3613,17.9,NA,205.6,5
"Connecticut",1995,79.3,10.451,17.6,NA,205.4,5
"Connecticut",1996,76,10.47449,17.2,NA,206.3,5
"Connecticut",1997,75.9,10.48662,17.5,NA,208.5,5
"Connecticut",1998,75.5,NA,NA,NA,217.9,5
"Connecticut",1999,73.4,NA,NA,NA,236.5,5
"Connecticut",2000,71.4,NA,NA,NA,312.3,5
"Delaware",1970,155,NA,NA,0.1733577,39,6
"Delaware",1971,161.1,NA,NA,0.1758872,41.3,6
"Delaware",1972,156.3,9.90993,NA,0.1784168,44.7,6
"Delaware",1973,154.7,9.948177,NA,0.1809463,44,6
"Delaware",1974,151.3,9.918258,NA,0.1834759,44.2,6
"Delaware",1975,147.6,9.887531,NA,0.1860054,45.9,6
"Delaware",1976,153,9.920685,NA,0.188535,50.1,6
"Delaware",1977,153.3,9.933779,NA,0.1910645,51.7,6
"Delaware",1978,155.5,9.944127,NA,0.1935941,58.7,6
"Delaware",1979,150.2,9.926104,NA,0.1961236,60,6
"Delaware",1980,150.5,9.913744,NA,0.1986532,62.7,6
"Delaware",1981,152.6,9.901393,NA,0.193546,66,6
"Delaware",1982,154.1,9.904337,NA,0.1884388,74.1,6
"Delaware",1983,149.6,9.934576,NA,0.1833317,82,6
"Delaware",1984,144,9.962282,26.6,0.1782245,91.1,6
"Delaware",1985,144.5,9.996334,26.2,0.1731173,98.7,6
"Delaware",1986,142.4,10.03209,26,0.1680101,105.2,6
"Delaware",1987,141,10.04857,25.9,0.162903,111.4,6
"Delaware",1988,137.1,10.07772,25.7,0.1577958,119.3,6
"Delaware",1989,131.7,10.10361,24.9,0.1526886,124,6
"Delaware",1990,127.2,10.0948,25.8,0.1475815,140,6
"Delaware",1991,118.8,10.08306,24.9,NA,143.2,6
"Delaware",1992,120,10.09146,25.2,NA,174.7,6
"Delaware",1993,123.8,10.09208,26.2,NA,187.9,6
"Delaware",1994,126.1,10.13125,25.9,NA,152.5,6
"Delaware",1995,127.2,10.22965,24.6,NA,160.7,6
"Delaware",1996,128.3,10.26239,24.6,NA,169.1,6
"Delaware",1997,124.1,10.26168,24.9,NA,171.9,6
"Delaware",1998,132.8,NA,NA,NA,179.2,6
"Delaware",1999,139.5,NA,NA,NA,198.3,6
"Delaware",2000,140.7,NA,NA,NA,276.2,6
"Georgia",1970,109.9,NA,NA,0.1874455,34.3,7
"Georgia",1971,115.7,NA,NA,0.1878663,35.8,7
"Georgia",1972,117,9.63889,NA,0.188287,40.9,7
"Georgia",1973,119.8,9.684865,NA,0.1887077,42.4,7
"Georgia",1974,123.7,9.659981,NA,0.1891285,42.4,7
"Georgia",1975,122.9,9.629609,NA,0.1895492,44.5,7
"Georgia",1976,125.9,9.67143,NA,0.18997,47.9,7
"Georgia",1977,127.9,9.693337,NA,0.1903907,49.5,7
"Georgia",1978,130.6,9.736651,NA,0.1908115,54.7,7
"Georgia",1979,131,9.729302,NA,0.1912322,56.6,7
"Georgia",1980,134,9.701445,NA,0.1916529,59.3,7
"Georgia",1981,131.7,9.704944,NA,0.1879757,62.6,7
"Georgia",1982,131.2,9.707344,NA,0.1842985,67.8,7
"Georgia",1983,128.6,9.755732,NA,0.1806213,78.9,7
"Georgia",1984,126.3,9.82549,21.3,0.1769441,86.8,7
"Georgia",1985,128.8,9.862127,21.4,0.1732669,90.7,7
"Georgia",1986,129,9.913809,22.1,0.1695897,100.1,7
"Georgia",1987,129.3,9.930798,22.3,0.1659125,103.9,7
"Georgia",1988,124.1,9.952863,21.7,0.1622353,109.2,7
"Georgia",1989,117.1,9.953909,21.5,0.1585581,122.4,7
"Georgia",1990,113.8,9.953298,22.3,0.1548809,132.3,7
"Georgia",1991,109.6,9.941865,21.2,NA,138.2,7
"Georgia",1992,109.2,9.958565,21.6,NA,159.5,7
"Georgia",1993,109.2,9.967873,21.7,NA,167.2,7
"Georgia",1994,107.8,9.99824,21.4,NA,147.8,7
"Georgia",1995,100.3,10.05544,21.5,NA,153.8,7
"Georgia",1996,102.7,10.07977,22,NA,156.1,7
"Georgia",1997,100.6,10.08141,21.6,NA,158.9,7
"Georgia",1998,100.5,NA,NA,NA,168.7,7
"Georgia",1999,97.1,NA,NA,NA,188,7
"Georgia",2000,88.4,NA,NA,NA,257.4,7
"Idaho",1970,102.4,NA,NA,0.1781206,33.8,8
"Idaho",1971,108.5,NA,NA,0.1760924,33.6,8
"Idaho",1972,126.1,9.651839,NA,0.1740643,33.7,8
"Idaho",1973,121.8,9.721051,NA,0.1720361,36.3,8
"Idaho",1974,125.6,9.746263,NA,0.170008,38,8
"Idaho",1975,123.3,9.692201,NA,0.1679798,40.3,8
"Idaho",1976,125.1,9.731101,NA,0.1659516,42.5,8
"Idaho",1977,125,9.726507,NA,0.1639235,45.6,8
"Idaho",1978,122.8,9.768933,NA,0.1618953,51.5,8
"Idaho",1979,117.5,9.737336,NA,0.1598672,55.4,8
"Idaho",1980,115.2,9.711496,NA,0.157839,56.4,8
"Idaho",1981,114.1,9.684898,NA,0.1563834,59.2,8
"Idaho",1982,111.5,9.645257,NA,0.1549278,67.6,8
"Idaho",1983,111.3,9.694544,NA,0.1534723,76.5,8
"Idaho",1984,103.6,9.707316,23.2,0.1520167,88.5,8
"Idaho",1985,100.7,9.715257,22.3,0.1505612,97.6,8
"Idaho",1986,96.7,9.736214,22.5,0.1491056,99.9,8
"Idaho",1987,95,9.740723,22,0.14765,107.1,8
"Idaho",1988,84.5,9.766004,21.1,0.1461945,121.9,8
"Idaho",1989,78.4,9.827927,21.6,0.1447389,133.6,8
"Idaho",1990,90.1,9.839928,22.9,0.1432833,141.3,8
"Idaho",1991,85.4,9.835094,22.2,NA,144.4,8
"Idaho",1992,85.1,9.85615,22.6,NA,167.2,8
"Idaho",1993,86.7,9.877363,21.8,NA,171.2,8
"Idaho",1994,93,9.903079,21.4,NA,150.5,8
"Idaho",1995,78.2,9.919679,20.1,NA,163.5,8
"Idaho",1996,73.6,9.933634,20.6,NA,176.5,8
"Idaho",1997,75,9.921952,20.1,NA,184.4,8
"Idaho",1998,78.9,NA,NA,NA,187.1,8
"Idaho",1999,75.1,NA,NA,NA,210.7,8
"Idaho",2000,66.9,NA,NA,NA,275.9,8
"Illinois",1970,124.8,NA,NA,0.1669667,41.4,9
"Illinois",1971,125.6,NA,NA,0.1689976,41.4,9
"Illinois",1972,126.6,9.908161,NA,0.1710285,41.9,9
"Illinois",1973,124.4,9.961596,NA,0.1730594,41,9
"Illinois",1974,131.9,9.946315,NA,0.1750903,41.9,9
"Illinois",1975,131.8,9.93419,NA,0.1771212,45.2,9
"Illinois",1976,134.4,9.965498,NA,0.1791521,48.4,9
"Illinois",1977,134,9.996949,NA,0.181183,49.4,9
"Illinois",1978,136.7,10.0236,NA,0.1832139,54.6,9
"Illinois",1979,135.3,10.01367,NA,0.1852448,56.8,9
"Illinois",1980,135.2,9.962173,NA,0.1872758,60,9
"Illinois",1981,133,9.965017,NA,0.1830271,63.1,9
"Illinois",1982,130.7,9.944979,NA,0.1787785,69.6,9
"Illinois",1983,127.9,9.954803,NA,0.1745298,80.8,9
"Illinois",1984,124,10.00314,24.6,0.1702812,89.6,9
"Illinois",1985,121.6,10.02082,24.3,0.1660325,96.7,9
"Illinois",1986,118.2,10.0553,24.7,0.1617839,108.4,9
"Illinois",1987,109.5,10.06775,25.1,0.1575353,116.2,9
"Illinois",1988,107.6,10.08796,25,0.1532866,124.1,9
"Illinois",1989,104.6,10.11391,24.4,0.149038,132.7,9
"Illinois",1990,94.1,10.11675,25.7,0.1447893,147.3,9
"Illinois",1991,96.1,10.09824,24.4,NA,154,9
"Illinois",1992,94.8,10.12329,23.8,NA,179.8,9
"Illinois",1993,94.6,10.12783,23.5,NA,187.5,9
"Illinois",1994,85.7,10.15419,23.6,NA,182.1,9
"Illinois",1995,84.3,10.20035,23.2,NA,185.2,9
"Illinois",1996,81.8,10.22424,22.9,NA,188.7,9
"Illinois",1997,79.6,10.23659,22.9,NA,198.7,9
"Illinois",1998,80.3,NA,NA,NA,202.3,9
"Illinois",1999,72.2,NA,NA,NA,240.5,9
"Illinois",2000,70,NA,NA,NA,312.7,9
"Indiana",1970,134.6,NA,NA,0.1765159,30.6,10
"Indiana",1971,139.3,NA,NA,0.1779718,32.2,10
"Indiana",1972,149.2,9.731873,NA,0.1794276,32.5,10
"Indiana",1973,156,9.806883,NA,0.1808835,32.9,10
"Indiana",1974,159.6,9.763185,NA,0.1823394,34.5,10
"Indiana",1975,162.4,9.743661,NA,0.1837953,36.7,10
"Indiana",1976,166.6,9.798755,NA,0.1852512,38.7,10
"Indiana",1977,173,9.833315,NA,0.186707,40.6,10
"Indiana",1978,150.9,9.865232,NA,0.1881629,50,10
"Indiana",1979,148.9,9.851489,NA,0.1896188,52.5,10
"Indiana",1980,146.9,9.795776,NA,0.1910747,53.7,10
"Indiana",1981,148.5,9.78815,NA,0.1870784,58.3,10
"Indiana",1982,147.7,9.757754,NA,0.1830822,65.1,10
"Indiana",1983,143,9.775058,NA,0.1790859,75.7,10
"Indiana",1984,137.8,9.829457,22,0.1750897,85.2,10
"Indiana",1985,135.3,9.844302,22,0.1710934,88.8,10
"Indiana",1986,137.6,9.882232,22.1,0.1670971,93.6,10
"Indiana",1987,134,9.897043,21.9,0.1631009,100.1,10
"Indiana",1988,134,9.915045,21.9,0.1591046,109.3,10
"Indiana",1989,132.5,9.936582,21.5,0.1551084,119,10
"Indiana",1990,128.3,9.935142,22.4,0.1511121,130.8,10
"Indiana",1991,127.2,9.921082,21.6,NA,135.8,10
"Indiana",1992,128.2,9.953797,20.7,NA,153.5,10
"Indiana",1993,126.8,9.965633,20.5,NA,157.5,10
"Indiana",1994,128.2,10.00135,20.6,NA,146.6,10
"Indiana",1995,135.4,10.04371,20.1,NA,146.3,10
"Indiana",1996,135.1,10.06089,20.3,NA,147.8,10
"Indiana",1997,135.3,10.05211,20.3,NA,156.3,10
"Indiana",1998,135.9,NA,NA,NA,166.8,10
"Indiana",1999,133.3,NA,NA,NA,190,10
"Indiana",2000,125.5,NA,NA,NA,260.2,10
"Iowa",1970,108.5,NA,NA,0.1688496,37.7,11
"Iowa",1971,108.4,NA,NA,0.170839,38.5,11
"Iowa",1972,109.4,9.730265,NA,0.1728285,41.9,11
"Iowa",1973,110.6,9.858372,NA,0.1748179,41.9,11
"Iowa",1974,116.1,9.788277,NA,0.1768073,43.2,11
"Iowa",1975,120.5,9.800288,NA,0.1787968,45.4,11
"Iowa",1976,124.4,9.803332,NA,0.1807862,47.8,11
"Iowa",1977,125.5,9.83932,NA,0.1827757,49.4,11
"Iowa",1978,127.1,9.914184,NA,0.1847651,54.6,11
"Iowa",1979,124.2,9.881053,NA,0.1867546,56.4,11
"Iowa",1980,124.6,9.810102,NA,0.188744,58.8,11
"Iowa",1981,132.9,9.838684,NA,0.1840352,61.4,11
"Iowa",1982,116.2,9.795305,NA,0.1793265,72.8,11
"Iowa",1983,115.6,9.783572,NA,0.1746177,84,11
"Iowa",1984,111.2,9.831582,23.9,0.1699089,93.3,11
"Iowa",1985,109.4,9.839345,22.9,0.1652002,99.5,11
"Iowa",1986,104.1,9.870234,23.3,0.1604914,104.8,11
"Iowa",1987,101.1,9.887944,23.1,0.1557826,117.1,11
"Iowa",1988,100.2,9.875571,23,0.1510739,124.2,11
"Iowa",1989,94.4,9.915924,22.7,0.1463651,145.1,11
"Iowa",1990,95.4,9.927806,23.6,0.1416564,149.6,11
"Iowa",1991,97.1,9.911109,23.5,NA,155.4,11
"Iowa",1992,95.2,9.942481,23.3,NA,178.5,11
"Iowa",1993,92.5,9.920983,23,NA,189.7,11
"Iowa",1994,93.4,9.996867,23.3,NA,171.4,11
"Iowa",1995,93,10.00185,22.7,NA,179,11
"Iowa",1996,94,10.04901,23.1,NA,183.8,11
"Iowa",1997,93.9,10.04928,23.3,NA,189.3,11
"Iowa",1998,94,NA,NA,NA,193.8,11
"Iowa",1999,91.7,NA,NA,NA,213,11
"Iowa",2000,88.9,NA,NA,NA,286.3,11
"Kansas",1970,114,NA,NA,0.1805247,34.2,12
"Kansas",1971,102.8,NA,NA,0.18155,38.9,12
"Kansas",1972,111,9.768118,NA,0.1825754,38.8,12
"Kansas",1973,115.2,9.838229,NA,0.1836008,39.3,12
"Kansas",1974,118.6,9.810897,NA,0.1846261,40.2,12
"Kansas",1975,123.4,9.800612,NA,0.1856515,42.7,12
"Kansas",1976,127.7,9.830626,NA,0.1866769,46.6,12
"Kansas",1977,127.9,9.848077,NA,0.1877022,48.1,12
"Kansas",1978,127.1,9.875605,NA,0.1887276,52.6,12
"Kansas",1979,126.4,9.903797,NA,0.189753,54.8,12
"Kansas",1980,127.1,9.862444,NA,0.1907783,58.3,12
"Kansas",1981,132,9.877179,NA,0.1857294,59.8,12
"Kansas",1982,130.9,9.881304,NA,0.1806805,65.1,12
"Kansas",1983,127.6,9.885566,NA,0.1756316,77,12
"Kansas",1984,121.7,9.916465,20.7,0.1705827,91,12
"Kansas",1985,115.7,9.935948,20.1,0.1655337,97.5,12
"Kansas",1986,109.4,9.961418,19.9,0.1604848,103,12
"Kansas",1987,105.2,9.96282,19.7,0.1554359,114.5,12
"Kansas",1988,103.2,9.969703,19.3,0.150387,123.9,12
"Kansas",1989,96.5,9.962953,19.4,0.145338,136.5,12
"Kansas",1990,94.3,9.983666,19.7,0.1402891,145.8,12
"Kansas",1991,91.8,9.976418,20,NA,152.7,12
"Kansas",1992,90,9.998267,19.2,NA,174.2,12
"Kansas",1993,89.9,10.00207,19.4,NA,174.2,12
"Kansas",1994,89.1,10.02658,19.5,NA,159.6,12
"Kansas",1995,90.1,10.04495,19.1,NA,165.7,12
"Kansas",1996,88.7,10.07641,18.9,NA,167.7,12
"Kansas",1997,89.2,10.08714,19.7,NA,171.3,12
"Kansas",1998,87.6,NA,NA,NA,184.3,12
"Kansas",1999,83.3,NA,NA,NA,207,12
"Kansas",2000,79.8,NA,NA,NA,271.2,12
"Kentucky",1970,155.8,NA,NA,0.1813101,28.3,13
"Kentucky",1971,163.5,NA,NA,0.1822996,30.1,13
"Kentucky",1972,179.4,9.547482,NA,0.183289,30.6,13
"Kentucky",1973,201.9,9.598115,NA,0.1842785,30.6,13
"Kentucky",1974,212.4,9.600525,NA,0.1852679,31.5,13
"Kentucky",1975,223,9.579324,NA,0.1862574,33.3,13
"Kentucky",1976,230.9,9.624857,NA,0.1872468,36,13
"Kentucky",1977,229.4,9.672666,NA,0.1882363,36.9,13
"Kentucky",1978,224.7,9.703743,NA,0.1892257,41.4,13
"Kentucky",1979,214.9,9.70251,NA,0.1902151,43.4,13
"Kentucky",1980,215.3,9.661359,NA,0.1912046,46.3,13
"Kentucky",1981,209.7,9.665572,NA,0.1872535,49.4,13
"Kentucky",1982,210.6,9.65426,NA,0.1833023,56.3,13
"Kentucky",1983,201.1,9.642765,NA,0.1793512,66.4,13
"Kentucky",1984,183.2,9.699555,18.5,0.1754001,75.4,13
"Kentucky",1985,182.4,9.703631,18.9,0.1714489,79.3,13
"Kentucky",1986,179.8,9.729917,19.2,0.1674978,85.4,13
"Kentucky",1987,171.2,9.739725,19,0.1635467,90.5,13
"Kentucky",1988,173.2,9.758579,19.1,0.1595956,94.4,13
"Kentucky",1989,171.6,9.787341,18.3,0.1556444,103.8,13
"Kentucky",1990,182.5,9.804601,20.1,0.1516933,115.6,13
"Kentucky",1991,170.4,9.808981,19.4,NA,120.5,13
"Kentucky",1992,167.6,9.841689,19,NA,135.8,13
"Kentucky",1993,167.6,9.84325,19.3,NA,145.4,13
"Kentucky",1994,170.1,9.8684,19.6,NA,132.8,13
"Kentucky",1995,175.3,9.903476,18.9,NA,134.8,13
"Kentucky",1996,179,9.927487,19.1,NA,139.8,13
"Kentucky",1997,186.8,9.932178,19.3,NA,145.6,13
"Kentucky",1998,171.3,NA,NA,NA,155.7,13
"Kentucky",1999,165.3,NA,NA,NA,179.2,13
"Kentucky",2000,156.2,NA,NA,NA,243.4,13
"Louisiana",1970,115.9,NA,NA,0.1851852,34.3,14
"Louisiana",1971,119.8,NA,NA,0.1867808,39.3,14
"Louisiana",1972,125.3,9.517365,NA,0.1883764,40,14
"Louisiana",1973,126.7,9.564111,NA,0.189972,39.9,14
"Louisiana",1974,129.9,9.57982,NA,0.1915676,41.6,14
"Louisiana",1975,133.6,9.585208,NA,0.1931632,44.3,14
"Louisiana",1976,139.6,9.644329,NA,0.1947588,48.1,14
"Louisiana",1977,140,9.679078,NA,0.1963544,48.9,14
"Louisiana",1978,142.7,9.731681,NA,0.19795,54.2,14
"Louisiana",1979,140.1,9.737775,NA,0.1995456,57.1,14
"Louisiana",1980,143.8,9.739491,NA,0.2011412,60,14
"Louisiana",1981,144,9.765061,NA,0.1963432,62.6,14
"Louisiana",1982,143.9,9.753126,NA,0.1915451,70.3,14
"Louisiana",1983,133.7,9.746861,NA,0.186747,80.7,14
"Louisiana",1984,128.9,9.760681,23.8,0.1819489,90.7,14
"Louisiana",1985,125,9.76166,23,0.1771508,103,14
"Louisiana",1986,121.2,9.740594,23.7,0.1723528,105.1,14
"Louisiana",1987,116.5,9.716699,24.3,0.1675547,117.8,14
"Louisiana",1988,110.9,9.744105,24.6,0.1627566,120.4,14
"Louisiana",1989,103.6,9.750066,24.4,0.1579585,130.7,14
"Louisiana",1990,101.5,9.770264,26.4,0.1531605,143.4,14
"Louisiana",1991,107.2,9.784423,26.1,NA,149.6,14
"Louisiana",1992,108.5,9.805567,26.7,NA,178.1,14
"Louisiana",1993,106.2,9.821536,26.5,NA,180.5,14
"Louisiana",1994,105.3,9.860993,27.1,NA,157.4,14
"Louisiana",1995,105.7,9.910527,26.1,NA,155.8,14
"Louisiana",1996,106.8,9.923664,26.5,NA,165.3,14
"Louisiana",1997,105.3,9.926509,26.7,NA,166.9,14
"Louisiana",1998,103.2,NA,NA,NA,185.9,14
"Louisiana",1999,101,NA,NA,NA,208,14
"Louisiana",2000,104.3,NA,NA,NA,281.2,14
"Maine",1970,128.5,NA,NA,0.1690141,38,15
"Maine",1971,133.2,NA,NA,0.1703349,38.8,15
"Maine",1972,136.5,9.59714,NA,0.1716557,41.5,15
"Maine",1973,138,9.647285,NA,0.1729765,41,15
"Maine",1974,142.1,9.636234,NA,0.1742973,41.8,15
"Maine",1975,140.7,9.60089,NA,0.1756181,46.7,15
"Maine",1976,144.9,9.671687,NA,0.176939,49.9,15
"Maine",1977,145.6,9.678421,NA,0.1782598,50.9,15
"Maine",1978,143.9,9.698808,NA,0.1795806,55,15
"Maine",1979,138.5,9.694194,NA,0.1809014,54.5,15
"Maine",1980,141.2,9.683053,NA,0.1822222,59,15
"Maine",1981,138.9,9.679446,NA,0.1780966,62.9,15
"Maine",1982,139.5,9.683565,NA,0.1739709,69.7,15
"Maine",1983,135.4,9.724025,NA,0.1698453,80.8,15
"Maine",1984,135.5,9.774763,22.1,0.1657197,93.7,15
"Maine",1985,127.9,9.807659,22.2,0.161594,98.1,15
"Maine",1986,119,9.87409,22.4,0.1574684,112.7,15
"Maine",1987,125,9.911307,22.6,0.1533428,121.2,15
"Maine",1988,125,9.944216,22.9,0.1492171,129,15
"Maine",1989,122.4,9.967079,21.8,0.1450915,144.4,15
"Maine",1990,117.5,9.949729,22.1,0.1409658,160.1,15
"Maine",1991,116.1,9.924435,21.5,NA,165.8,15
"Maine",1992,114.5,9.942132,20.8,NA,187.7,15
"Maine",1993,108.5,9.945655,20.6,NA,192.6,15
"Maine",1994,101.6,9.962649,20.3,NA,178.3,15
"Maine",1995,102.3,9.969056,21.1,NA,184.9,15
"Maine",1996,100,9.987245,21.3,NA,186.9,15
"Maine",1997,101.1,9.995829,21,NA,190.2,15
"Maine",1998,94.5,NA,NA,NA,219.6,15
"Maine",1999,85.5,NA,NA,NA,267.8,15
"Maine",2000,82.9,NA,NA,NA,330.5,15
"Minnesota",1970,104.3,NA,NA,0.1747241,39.1,16
"Minnesota",1971,116.4,NA,NA,0.1767316,40.1,16
"Minnesota",1972,96.8,9.765188,NA,0.1787391,45.2,16
"Minnesota",1973,106.8,9.862045,NA,0.1807465,45.6,16
"Minnesota",1974,110.6,9.828342,NA,0.182754,47,16
"Minnesota",1975,111.5,9.801632,NA,0.1847615,49.4,16
"Minnesota",1976,116.7,9.82493,NA,0.1867689,52.1,16
"Minnesota",1977,117.2,9.875978,NA,0.1887764,53.1,16
"Minnesota",1978,118.9,9.913442,NA,0.1907839,57.9,16
"Minnesota",1979,118.3,9.909161,NA,0.1927914,60.9,16
"Minnesota",1980,117.7,9.877483,NA,0.1947988,63,16
"Minnesota",1981,120.8,9.867996,NA,0.1892152,65.8,16
"Minnesota",1982,119.4,9.863186,NA,0.1836315,71.7,16
"Minnesota",1983,113.2,9.874606,NA,0.1780478,87.3,16
"Minnesota",1984,110.8,9.950923,23.5,0.1724642,99.2,16
"Minnesota",1985,113,9.968969,23,0.1668805,101.5,16
"Minnesota",1986,104.3,10.00552,23,0.1612968,116.3,16
"Minnesota",1987,108.8,10.02377,23.2,0.1557132,120.1,16
"Minnesota",1988,94.1,10.01661,22.9,0.1501295,141.7,16
"Minnesota",1989,92.3,10.04741,22.5,0.1445458,152.5,16
"Minnesota",1990,90.7,10.0464,23.2,0.1389621,162.3,16
"Minnesota",1991,86.2,10.03139,22.7,NA,173.9,16
"Minnesota",1992,83.8,10.06335,22,NA,197.7,16
"Minnesota",1993,81.6,10.05818,21.9,NA,215.6,16
"Minnesota",1994,83.4,10.09502,22.5,NA,196.1,16
"Minnesota",1995,84.1,10.14878,22.1,NA,202.2,16
"Minnesota",1996,81.7,10.18895,22.4,NA,208.6,16
"Minnesota",1997,84.1,10.17544,22.2,NA,216.8,16
"Minnesota",1998,83.2,NA,NA,NA,220.2,16
"Minnesota",1999,80.7,NA,NA,NA,227.4,16
"Minnesota",2000,76,NA,NA,NA,303.6,16
"Mississippi",1970,93.4,NA,NA,0.1831304,36.2,17
"Mississippi",1971,105.4,NA,NA,0.1843731,37.5,17
"Mississippi",1972,112.1,9.397449,NA,0.1856157,37.4,17
"Mississippi",1973,115,9.457063,NA,0.1868584,37.3,17
"Mississippi",1974,117.1,9.436393,NA,0.1881011,41.4,17
"Mississippi",1975,116.8,9.413603,NA,0.1893438,43,17
"Mississippi",1976,120.9,9.477991,NA,0.1905865,46.4,17
"Mississippi",1977,122.1,9.516372,NA,0.1918292,48.8,17
"Mississippi",1978,124.9,9.540335,NA,0.1930719,53.6,17
"Mississippi",1979,123.9,9.55297,NA,0.1943146,56.5,17
"Mississippi",1980,127,9.503543,NA,0.1955573,59.7,17
"Mississippi",1981,125.3,9.512449,NA,0.1920408,63,17
"Mississippi",1982,125.8,9.498247,NA,0.1885242,69.2,17
"Mississippi",1983,122.3,9.504479,NA,0.1850077,78.6,17
"Mississippi",1984,116.4,9.545903,20.1,0.1814912,89,17
"Mississippi",1985,115.3,9.553737,20.6,0.1779746,96.4,17
"Mississippi",1986,113.2,9.576477,21.5,0.1744581,106,17
"Mississippi",1987,110,9.599513,21.6,0.1709415,115.8,17
"Mississippi",1988,109,9.627286,21.9,0.167425,122.6,17
"Mississippi",1989,108.3,9.643641,21.6,0.1639085,125.8,17
"Mississippi",1990,101.8,9.644608,23.3,0.1603919,139.9,17
"Mississippi",1991,105.6,9.652973,22.9,NA,142.7,17
"Mississippi",1992,103.9,9.684978,23.5,NA,160.8,17
"Mississippi",1993,105.4,9.701045,23.9,NA,177.8,17
"Mississippi",1994,106,9.751939,24.5,NA,156.9,17
"Mississippi",1995,107.5,9.785329,24,NA,153.9,17
"Mississippi",1996,106.9,9.808868,24.3,NA,161.2,17
"Mississippi",1997,106.3,9.803786,24.4,NA,168.6,17
"Mississippi",1998,107,NA,NA,NA,175.8,17
"Mississippi",1999,103.9,NA,NA,NA,199.5,17
"Mississippi",2000,97.2,NA,NA,NA,272,17
"Missouri",1970,121.3,NA,NA,0.167593,36,18
"Missouri",1971,127.6,NA,NA,0.1692596,36.8,18
"Missouri",1972,130,9.733354,NA,0.1709261,37.7,18
"Missouri",1973,132.1,9.780752,NA,0.1725927,37.7,18
"Missouri",1974,135.4,9.739015,NA,0.1742593,38,18
"Missouri",1975,135.6,9.73081,NA,0.1759259,43.5,18
"Missouri",1976,139.5,9.769454,NA,0.1775924,44.7,18
"Missouri",1977,140.8,9.808042,NA,0.179259,45.9,18
"Missouri",1978,141.8,9.844764,NA,0.1809256,49.9,18
"Missouri",1979,140.2,9.847526,NA,0.1825921,52.2,18
"Missouri",1980,142.1,9.801047,NA,0.1842587,57.3,18
"Missouri",1981,140.5,9.810367,NA,0.1798325,59.9,18
"Missouri",1982,139.7,9.802688,NA,0.1754063,64.7,18
"Missouri",1983,134.1,9.829301,NA,0.1709801,74.8,18
"Missouri",1984,130,9.881513,23.7,0.1665539,84.8,18
"Missouri",1985,129.2,9.913292,23.7,0.1621277,93.7,18
"Missouri",1986,128.8,9.946776,24.2,0.1577015,101.9,18
"Missouri",1987,128.7,9.953278,24.2,0.1532753,108.5,18
"Missouri",1988,127.4,9.958259,23.6,0.1488491,114.6,18
"Missouri",1989,122.8,9.972259,23.6,0.1444229,118.9,18
"Missouri",1990,119.1,9.970405,24.3,0.1399967,129.1,18
"Missouri",1991,119.9,9.968204,23.9,NA,132.5,18
"Missouri",1992,122.3,9.984798,23.7,NA,153.1,18
"Missouri",1993,121.6,9.986176,23.6,NA,157.6,18
"Missouri",1994,119.4,10.01636,24.2,NA,146.8,18
"Missouri",1995,124,10.05391,23.5,NA,150.3,18
"Missouri",1996,124.1,10.07675,23.6,NA,159.8,18
"Missouri",1997,120.6,10.07141,23.5,NA,163.4,18
"Missouri",1998,120.1,NA,NA,NA,173.8,18
"Missouri",1999,118,NA,NA,NA,197,18
"Missouri",2000,113.8,NA,NA,NA,258.8,18
"Montana",1970,111.2,NA,NA,0.1757925,34,19
"Montana",1971,115.6,NA,NA,0.1771459,34.7,19
"Montana",1972,122.2,9.694641,NA,0.1784993,40.1,19
"Montana",1973,119.9,9.775743,NA,0.1798527,40.9,19
"Montana",1974,121.9,9.740038,NA,0.1812061,41.8,19
"Montana",1975,123.7,9.724647,NA,0.1825595,43.7,19
"Montana",1976,124.9,9.730799,NA,0.1839129,45.3,19
"Montana",1977,127,9.732777,NA,0.1852663,47.6,19
"Montana",1978,127.2,9.814651,NA,0.1866197,51.9,19
"Montana",1979,120.3,9.778626,NA,0.1879731,53.7,19
"Montana",1980,122,9.743379,NA,0.1893266,56.7,19
"Montana",1981,121.1,9.757294,NA,0.1833387,60.4,19
"Montana",1982,122.4,9.73567,NA,0.1773509,65.7,19
"Montana",1983,113.7,9.74816,NA,0.171363,77.2,19
"Montana",1984,110.1,9.74522,29.4,0.1653752,91.3,19
"Montana",1985,103.6,9.729407,27.8,0.1593874,95.5,19
"Montana",1986,97.8,9.774853,27.4,0.1533995,102,19
"Montana",1987,91.7,9.778117,27.2,0.1474117,106.2,19
"Montana",1988,87.1,9.765144,27.6,0.1414239,115.3,19
"Montana",1989,86.2,9.81518,27.2,0.135436,123,19
"Montana",1990,84.7,9.80227,27.8,0.1294482,140.4,19
"Montana",1991,82.9,9.83213,28,NA,143.6,19
"Montana",1992,86.6,9.838708,27.7,NA,163.5,19
"Montana",1993,86,9.870498,26.2,NA,179.4,19
"Montana",1994,88.2,9.8719,26.6,NA,151.3,19
"Montana",1995,90.5,9.891279,26.5,NA,155.4,19
"Montana",1996,87.3,9.90176,26.7,NA,156.8,19
"Montana",1997,88.9,9.886044,27,NA,164.9,19
"Montana",1998,89.1,NA,NA,NA,175.4,19
"Montana",1999,82.6,NA,NA,NA,196.2,19
"Montana",2000,75.5,NA,NA,NA,260.7,19
"Nebraska",1970,108.1,NA,NA,0.1737374,33.9,20
"Nebraska",1971,108.6,NA,NA,0.1752171,34.7,20
"Nebraska",1972,104.9,9.746475,NA,0.1766969,41.1,20
"Nebraska",1973,106.6,9.835299,NA,0.1781767,41.2,20
"Nebraska",1974,110.5,9.766387,NA,0.1796564,42,20
"Nebraska",1975,114.1,9.797554,NA,0.1811362,44.6,20
"Nebraska",1976,118.1,9.787974,NA,0.182616,46.8,20
"Nebraska",1977,117.7,9.801126,NA,0.1840957,48.1,20
"Nebraska",1978,117.4,9.879457,NA,0.1855755,53.6,20
"Nebraska",1979,116.1,9.847173,NA,0.1870553,55.4,20
"Nebraska",1980,116.3,9.772381,NA,0.188535,59.5,20
"Nebraska",1981,117,9.81427,NA,0.1835479,60.9,20
"Nebraska",1982,117.1,9.799478,NA,0.1785609,69.7,20
"Nebraska",1983,110.8,9.802988,NA,0.1735738,83.7,20
"Nebraska",1984,107.7,9.853516,25.4,0.1685867,94.8,20
"Nebraska",1985,105.1,9.875531,24.6,0.1635996,95.8,20
"Nebraska",1986,103.1,9.896881,24.5,0.1586125,104,20
"Nebraska",1987,101.3,9.899986,24.8,0.1536254,113.7,20
"Nebraska",1988,92.9,9.935325,24.3,0.1486383,123.3,20
"Nebraska",1989,93.8,9.941367,24.1,0.1436512,139.3,20
"Nebraska",1990,89.9,9.968171,25.2,0.1386641,143.4,20
"Nebraska",1991,92.4,9.965081,24.6,NA,152.2,20
"Nebraska",1992,90.6,9.99833,24.2,NA,169.5,20
"Nebraska",1993,91.1,9.996415,24.3,NA,177.2,20
"Nebraska",1994,85.9,10.02996,24.7,NA,169.6,20
"Nebraska",1995,88.5,10.03178,24.1,NA,170.7,20
"Nebraska",1996,86.2,10.07806,24.4,NA,175.5,20
"Nebraska",1997,85.5,10.06976,24.4,NA,184.8,20
"Nebraska",1998,83.1,NA,NA,NA,194.6,20
"Nebraska",1999,86.6,NA,NA,NA,214.6,20
"Nebraska",2000,77.6,NA,NA,NA,288.3,20
"Nevada",1970,189.5,NA,NA,0.1615542,38.9,21
"Nevada",1971,190.5,NA,NA,0.1637738,44,21
"Nevada",1972,198.6,9.944233,NA,0.1659933,40.6,21
"Nevada",1973,201.5,9.980632,NA,0.1682129,40.3,21
"Nevada",1974,204.7,9.928623,NA,0.1704325,41.9,21
"Nevada",1975,205.2,9.915459,NA,0.1726521,44.5,21
"Nevada",1976,201.4,9.955231,NA,0.1748717,44.9,21
"Nevada",1977,190.8,10.0006,NA,0.1770913,49.3,21
"Nevada",1978,187,10.06987,NA,0.1793108,54.3,21
"Nevada",1979,183.3,10.05607,NA,0.1815304,57.1,21
"Nevada",1980,177.7,10.03425,NA,0.18375,63.1,21
"Nevada",1981,171.9,10.00596,NA,0.1785419,63.3,21
"Nevada",1982,165.1,9.956868,NA,0.1733339,71.6,21
"Nevada",1983,159.2,9.963725,NA,0.1681258,81.9,21
"Nevada",1984,136.6,9.994218,35.1,0.1629178,99.8,21
"Nevada",1985,146.7,10.02568,35.7,0.1577097,109.3,21
"Nevada",1986,142.6,10.06373,37.2,0.1525016,106.6,21
"Nevada",1987,147.7,10.07728,37.7,0.1472936,114,21
"Nevada",1988,141.9,10.09819,39.3,0.1420855,129.6,21
"Nevada",1989,137.9,10.12983,40.4,0.1368775,145.6,21
"Nevada",1990,137.3,10.12119,40.2,0.1316694,173.7,21
"Nevada",1991,115.5,10.10557,37.7,NA,186.3,21
"Nevada",1992,110,10.1271,36.4,NA,193.8,21
"Nevada",1993,108.1,10.13713,35.1,NA,196.8,21
"Nevada",1994,105.2,10.16239,35.1,NA,190.3,21
"Nevada",1995,100.9,10.18081,34.3,NA,190.4,21
"Nevada",1996,99,10.20678,35.2,NA,195,21
"Nevada",1997,95.6,10.18646,34.4,NA,198.5,21
"Nevada",1998,102.4,NA,NA,NA,200.6,21
"Nevada",1999,103.9,NA,NA,NA,225.8,21
"Nevada",2000,93.2,NA,NA,NA,303.5,21
"New Hampshire",1970,265.7,NA,NA,0.1707317,31.4,22
"New Hampshire",1971,278,NA,NA,0.1723339,34.1,22
"New Hampshire",1972,296.2,9.736376,NA,0.1739361,36.1,22
"New Hampshire",1973,279,9.774945,NA,0.1755383,36.9,22
"New Hampshire",1974,269.8,9.747308,NA,0.1771404,37.9,22
"New Hampshire",1975,269.1,9.718851,NA,0.1787426,40.8,22
"New Hampshire",1976,290.5,9.777043,NA,0.1803448,43.9,22
"New Hampshire",1977,278.8,9.806763,NA,0.181947,45,22
"New Hampshire",1978,269.6,9.853168,NA,0.1835492,49.7,22
"New Hampshire",1979,254.6,9.865933,NA,0.1851513,53.2,22
"New Hampshire",1980,247.8,9.860694,NA,0.1867535,55.3,22
"New Hampshire",1981,245.4,9.867043,NA,0.1823748,58.4,22
"New Hampshire",1982,239.8,9.876245,NA,0.1779961,67,22
"New Hampshire",1983,232.9,9.940468,NA,0.1736175,74.7,22
"New Hampshire",1984,215.1,10.00683,35.6,0.1692388,90.5,22
"New Hampshire",1985,201.1,10.06133,35.7,0.1648601,89.2,22
"New Hampshire",1986,195.9,10.12613,34.7,0.1604814,100,22
"New Hampshire",1987,195.1,10.14629,34.7,0.1561027,102,22
"New Hampshire",1988,180.4,10.17227,34.1,0.151724,113.5,22
"New Hampshire",1989,172.9,10.15991,33.3,0.1473453,125.9,22
"New Hampshire",1990,152.4,10.12278,32.9,0.1429666,135.9,22
"New Hampshire",1991,144.8,10.11431,32.9,NA,153.9,22
"New Hampshire",1992,143.7,10.12097,32.2,NA,164.4,22
"New Hampshire",1993,148.9,10.11176,32.4,NA,181.1,22
"New Hampshire",1994,153.8,10.15647,31,NA,157.8,22
"New Hampshire",1995,158.5,10.21322,31,NA,163.9,22
"New Hampshire",1996,158,10.22895,31.1,NA,168.6,22
"New Hampshire",1997,174.4,10.23085,31.3,NA,176.6,22
"New Hampshire",1998,173.8,NA,NA,NA,197,22
"New Hampshire",1999,171.7,NA,NA,NA,222.8,22
"New Hampshire",2000,147.3,NA,NA,NA,313.9,22
"New Mexico",1970,90,NA,NA,0.1848574,39.7,23
"New Mexico",1971,92.6,NA,NA,0.1860954,41.7,23
"New Mexico",1972,99.3,9.55779,NA,0.1873334,41.1,23
"New Mexico",1973,98.9,9.592716,NA,0.1885713,41.8,23
"New Mexico",1974,100.3,9.584766,NA,0.1898093,43.7,23
"New Mexico",1975,103.1,9.596889,NA,0.1910473,46.3,23
"New Mexico",1976,102.4,9.632618,NA,0.1922853,49.5,23
"New Mexico",1977,102.4,9.669968,NA,0.1935232,51.6,23
"New Mexico",1978,103.1,9.717297,NA,0.1947612,56,23
"New Mexico",1979,101,9.699997,NA,0.1959992,57.6,23
"New Mexico",1980,102.7,9.677752,NA,0.1972371,62.6,23
"New Mexico",1981,103,9.680828,NA,0.1915056,63,23
"New Mexico",1982,97.5,9.678599,NA,0.1857741,69.4,23
"New Mexico",1983,96.3,9.686483,NA,0.1800425,79.6,23
"New Mexico",1984,88.9,9.707866,28.3,0.174311,90.2,23
"New Mexico",1985,88,9.73475,28.7,0.1685795,97.5,23
"New Mexico",1986,88.2,9.7369,27.9,0.162848,101.2,23
"New Mexico",1987,82.3,9.729162,27.8,0.1571164,110.2,23
"New Mexico",1988,77.7,9.743268,27.2,0.1513849,113.7,23
"New Mexico",1989,74.4,9.760063,27.9,0.1456534,127.2,23
"New Mexico",1990,70.8,9.765913,27.2,0.1399218,133.6,23
"New Mexico",1991,69.9,9.768038,27.1,NA,146.9,23
"New Mexico",1992,71.4,9.784279,26.7,NA,165.4,23
"New Mexico",1993,69,9.806236,26.4,NA,172.2,23
"New Mexico",1994,68.2,9.827472,25.4,NA,158.4,23
"New Mexico",1995,67,9.871939,27.4,NA,163.5,23
"New Mexico",1996,65.7,9.878764,27.2,NA,170.8,23
"New Mexico",1997,61.8,9.86426,27,NA,176,23
"New Mexico",1998,62.6,NA,NA,NA,183.8,23
"New Mexico",1999,59.7,NA,NA,NA,201.8,23
"New Mexico",2000,53.8,NA,NA,NA,279.8,23
"North Carolina",1970,172.4,NA,NA,0.1935484,27.3,24
"North Carolina",1971,187.6,NA,NA,0.1936767,29.4,24
"North Carolina",1972,214.1,9.590858,NA,0.193805,28.7,24
"North Carolina",1973,226.5,9.644995,NA,0.1939334,28.9,24
"North Carolina",1974,227.3,9.621204,NA,0.1940617,30.1,24
"North Carolina",1975,226,9.590678,NA,0.19419,32.9,24
"North Carolina",1976,230.2,9.637136,NA,0.1943184,35.8,24
"North Carolina",1977,217,9.656975,NA,0.1944467,36.6,24
"North Carolina",1978,205.5,9.69771,NA,0.194575,41.8,24
"North Carolina",1979,197.3,9.681352,NA,0.1947034,43.7,24
"North Carolina",1980,187.8,9.6566,NA,0.1948317,47.3,24
"North Carolina",1981,179.3,9.661784,NA,0.1909665,50,24
"North Carolina",1982,179,9.649224,NA,0.1871014,55.5,24
"North Carolina",1983,169.8,9.693887,NA,0.1832362,66,24
"North Carolina",1984,160.6,9.753726,19.8,0.1793711,75,24
"North Carolina",1985,156.3,9.781757,19.7,0.175506,78.9,24
"North Carolina",1986,154.4,9.830363,20,0.1716408,83.7,24
"North Carolina",1987,150.5,9.854593,20,0.1677757,90.6,24
"North Carolina",1988,146,9.882553,20.1,0.1639105,96,24
"North Carolina",1989,139.3,9.889289,20.3,0.1600454,107.6,24
"North Carolina",1990,133.7,9.903341,20.9,0.1561802,116.4,24
"North Carolina",1991,132.7,9.893853,20.2,NA,126.6,24
"North Carolina",1992,128.9,9.923104,20.7,NA,145,24
"North Carolina",1993,129.7,9.940663,20.9,NA,153.5,24
"North Carolina",1994,112.7,9.966932,20.8,NA,135.9,24
"North Carolina",1995,124.9,10.02181,20.5,NA,142.3,24
"North Carolina",1996,129.7,10.04514,21.1,NA,145.6,24
"North Carolina",1997,125.6,10.05129,21.3,NA,152,24
"North Carolina",1998,126,NA,NA,NA,167.6,24
"North Carolina",1999,113.1,NA,NA,NA,186.8,24
"North Carolina",2000,109,NA,NA,NA,257.3,24
"North Dakota",1970,93.8,NA,NA,0.184466,37.3,25
"North Dakota",1971,98.5,NA,NA,0.186387,38.9,25
"North Dakota",1972,103.8,9.697235,NA,0.1883079,38.9,25
"North Dakota",1973,108.7,9.984169,NA,0.1902288,39.4,25
"North Dakota",1974,110.5,9.864307,NA,0.1921497,39.9,25
"North Dakota",1975,117.9,9.806704,NA,0.1940707,42.6,25
"North Dakota",1976,125.4,9.72551,NA,0.1959916,45.9,25
"North Dakota",1977,122.2,9.693218,NA,0.1979125,47.4,25
"North Dakota",1978,121.9,9.859668,NA,0.1998335,53.2,25
"North Dakota",1979,121.3,9.782693,NA,0.2017544,55,25
"North Dakota",1980,123.7,9.610509,NA,0.2036753,59.6,25
"North Dakota",1981,125.7,9.761848,NA,0.1979569,62,25
"North Dakota",1982,126.8,9.764914,NA,0.1922384,67.8,25
"North Dakota",1983,119.6,9.792011,NA,0.1865199,77.9,25
"North Dakota",1984,109.4,9.795627,24,0.1808014,94.4,25
"North Dakota",1985,103.2,9.793513,23.1,0.175083,100.6,25
"North Dakota",1986,99.8,9.804612,23,0.1693645,104.2,25
"North Dakota",1987,92.3,9.789935,23.3,0.163646,110.3,25
"North Dakota",1988,87.1,9.692096,24.1,0.1579275,123.3,25
"North Dakota",1989,84.1,9.786231,24.5,0.1522091,135.9,25
"North Dakota",1990,77.1,9.84136,26.6,0.1464906,144.3,25
"North Dakota",1991,85.2,9.819377,26.1,NA,159.8,25
"North Dakota",1992,74.3,9.882981,25.4,NA,168.3,25
"North Dakota",1993,83,9.853105,25.6,NA,177.6,25
"North Dakota",1994,81,9.916486,25.8,NA,180.1,25
"North Dakota",1995,80.6,9.884033,25.5,NA,179.5,25
"North Dakota",1996,80.8,9.960636,26.6,NA,182.7,25
"North Dakota",1997,77.5,9.908545,26.4,NA,194.1,25
"North Dakota",1998,79.1,NA,NA,NA,205.2,25
"North Dakota",1999,74.7,NA,NA,NA,223.6,25
"North Dakota",2000,72.5,NA,NA,NA,297.5,25
"Ohio",1970,121.6,NA,NA,0.1732195,36.6,26
"Ohio",1971,124.6,NA,NA,0.1745399,38.1,26
"Ohio",1972,124.4,9.779579,NA,0.1758603,38.4,26
"Ohio",1973,120.5,9.826632,NA,0.1771807,42,26
"Ohio",1974,122.1,9.811853,NA,0.1785011,42.9,26
"Ohio",1975,122.5,9.78323,NA,0.1798214,46,26
"Ohio",1976,124.6,9.831858,NA,0.1811418,48.5,26
"Ohio",1977,127.3,9.872402,NA,0.1824622,49.8,26
"Ohio",1978,131.3,9.89935,NA,0.1837826,53.9,26
"Ohio",1979,130.9,9.89159,NA,0.185103,56.3,26
"Ohio",1980,133.5,9.850911,NA,0.1864234,58.7,26
"Ohio",1981,132.8,9.835517,NA,0.1822796,61.4,26
"Ohio",1982,134,9.815445,NA,0.1781359,68.3,26
"Ohio",1983,130,9.836498,NA,0.1739921,82.5,26
"Ohio",1984,127.1,9.884094,24.9,0.1698483,89.2,26
"Ohio",1985,126.7,9.904476,24.2,0.1657045,92.2,26
"Ohio",1986,126.3,9.938112,23.4,0.1615607,98.1,26
"Ohio",1987,124.6,9.943063,23.9,0.157417,102.2,26
"Ohio",1988,122.4,9.968595,23.7,0.1532732,108.4,26
"Ohio",1989,118.6,9.977871,23.9,0.1491294,120.5,26
"Ohio",1990,115.5,9.977726,23.9,0.1449856,135.4,26
"Ohio",1991,113.2,9.96233,23.6,NA,139.8,26
"Ohio",1992,112.3,9.982689,23,NA,159.6,26
"Ohio",1993,108.9,9.989721,23,NA,162.5,26
"Ohio",1994,108.6,10.03149,23,NA,151.2,26
"Ohio",1995,111.7,10.08051,22.8,NA,155.6,26
"Ohio",1996,107.6,10.09726,23.3,NA,159.7,26
"Ohio",1997,108.6,10.09318,23,NA,166.8,26
"Ohio",1998,106.4,NA,NA,NA,172.9,26
"Ohio",1999,104,NA,NA,NA,193.2,26
"Ohio",2000,99.9,NA,NA,NA,265.4,26
"Oklahoma",1970,108.4,NA,NA,0.1754592,38.4,27
"Oklahoma",1971,115.4,NA,NA,0.1765248,39.8,27
"Oklahoma",1972,121.7,9.625027,NA,0.1775905,39.8,27
"Oklahoma",1973,124.1,9.682419,NA,0.1786561,40.4,27
"Oklahoma",1974,130.5,9.675103,NA,0.1797218,41,27
"Oklahoma",1975,132.9,9.682616,NA,0.1807874,43.6,27
"Oklahoma",1976,138.6,9.71226,NA,0.1818531,46.4,27
"Oklahoma",1977,140.4,9.740367,NA,0.1829187,47.9,27
"Oklahoma",1978,143.6,9.782526,NA,0.1839844,53.1,27
"Oklahoma",1979,141.6,9.809667,NA,0.18505,55.5,27
"Oklahoma",1980,141.6,9.811438,NA,0.1861157,62.9,27
"Oklahoma",1981,143.7,9.84499,NA,0.1817683,65.8,27
"Oklahoma",1982,147,9.85314,NA,0.1774208,71.7,27
"Oklahoma",1983,140,9.804846,NA,0.1730734,83.9,27
"Oklahoma",1984,128.1,9.813323,17.8,0.1687259,93.3,27
"Oklahoma",1985,124.2,9.81613,18.1,0.1643785,95.1,27
"Oklahoma",1986,119.9,9.801922,18.3,0.1600311,104.6,27
"Oklahoma",1987,113.1,9.779805,18.2,0.1556836,114.4,27
"Oklahoma",1988,103.6,9.80147,18.3,0.1513362,122.6,27
"Oklahoma",1989,97.5,9.818206,18.4,0.1469887,133.4,27
"Oklahoma",1990,88.4,9.828145,19.7,0.1426413,146.1,27
"Oklahoma",1991,87.8,9.822683,19.7,NA,149.1,27
"Oklahoma",1992,86.3,9.844191,19.9,NA,170.6,27
"Oklahoma",1993,86.2,9.848171,20,NA,182.4,27
"Oklahoma",1994,104.8,9.861187,20.4,NA,163.4,27
"Oklahoma",1995,109.5,9.898376,20,NA,161.1,27
"Oklahoma",1996,110.8,9.918806,19.9,NA,162.7,27
"Oklahoma",1997,111.8,9.919992,20.1,NA,172,27
"Oklahoma",1998,112.2,NA,NA,NA,183.6,27
"Oklahoma",1999,111.4,NA,NA,NA,203.4,27
"Oklahoma",2000,108.9,NA,NA,NA,272.6,27
"Pennsylvania",1970,107.3,NA,NA,0.163376,38.4,28
"Pennsylvania",1971,106.3,NA,NA,0.1650846,44.7,28
"Pennsylvania",1972,109,9.784274,NA,0.1667932,44.7,28
"Pennsylvania",1973,110.7,9.821088,NA,0.1685018,44.9,28
"Pennsylvania",1974,114.2,9.814226,NA,0.1702103,46.6,28
"Pennsylvania",1975,114.6,9.804516,NA,0.1719189,49.8,28
"Pennsylvania",1976,118.8,9.84331,NA,0.1736275,52.3,28
"Pennsylvania",1977,120.1,9.87337,NA,0.1753361,53.3,28
"Pennsylvania",1978,122.3,9.902813,NA,0.1770447,57.4,28
"Pennsylvania",1979,122.6,9.899785,NA,0.1787533,60.6,28
"Pennsylvania",1980,124,9.869998,NA,0.1804619,61.3,28
"Pennsylvania",1981,125.2,9.866444,NA,0.1764556,64.8,28
"Pennsylvania",1982,123.3,9.862766,NA,0.1724493,69.8,28
"Pennsylvania",1983,125.3,9.876906,NA,0.168443,81.7,28
"Pennsylvania",1984,115.3,9.911305,24.9,0.1644367,97.7,28
"Pennsylvania",1985,115.8,9.944738,24.9,0.1604304,100.1,28
"Pennsylvania",1986,113.9,9.987108,25.2,0.1564241,104.9,28
"Pennsylvania",1987,110.6,10.00093,25.1,0.1524177,110,28
"Pennsylvania",1988,107.6,10.02141,25.3,0.1484114,112.3,28
"Pennsylvania",1989,107.1,10.04745,24.6,0.1444051,122.8,28
"Pennsylvania",1990,101.3,10.05147,25.8,0.1403988,133.7,28
"Pennsylvania",1991,102.5,10.04936,24.6,NA,144.1,28
"Pennsylvania",1992,96.2,10.06763,23.5,NA,176.2,28
"Pennsylvania",1993,94.7,10.06874,23.7,NA,183.8,28
"Pennsylvania",1994,95.4,10.09234,23.4,NA,158.1,28
"Pennsylvania",1995,95.4,10.13072,22.4,NA,161.7,28
"Pennsylvania",1996,93.3,10.15595,22.4,NA,169.4,28
"Pennsylvania",1997,92.9,10.15234,22.1,NA,176.5,28
"Pennsylvania",1998,92.1,NA,NA,NA,190.9,28
"Pennsylvania",1999,91.1,NA,NA,NA,205,28
"Pennsylvania",2000,87.9,NA,NA,NA,280.1,28
"Rhode Island",1970,123.9,NA,NA,0.1831579,39.3,29
"Rhode Island",1971,123.2,NA,NA,0.1838495,40.2,29
"Rhode Island",1972,134.4,9.770211,NA,0.1845411,41.6,29
"Rhode Island",1973,142,9.785204,NA,0.1852327,40.6,29
"Rhode Island",1974,146.1,9.765945,NA,0.1859243,41.3,29
"Rhode Island",1975,154.7,9.757126,NA,0.1866159,44.3,29
"Rhode Island",1976,150.2,9.795517,NA,0.1873075,52.2,29
"Rhode Island",1977,148.8,9.819708,NA,0.1879991,52.3,29
"Rhode Island",1978,146.8,9.842971,NA,0.1886907,56.3,29
"Rhode Island",1979,145.8,9.843946,NA,0.1893823,58.7,29
"Rhode Island",1980,149.3,9.835399,NA,0.1900739,60,29
"Rhode Island",1981,151.2,9.836284,NA,0.1864105,64.5,29
"Rhode Island",1982,146.3,9.842975,NA,0.182747,71.6,29
"Rhode Island",1983,135.8,9.882348,NA,0.1790835,84,29
"Rhode Island",1984,136.9,9.931385,25.1,0.17542,94.8,29
"Rhode Island",1985,133.4,9.955239,25.7,0.1717566,100.3,29
"Rhode Island",1986,136.3,10.00257,26,0.1680931,101.8,29
"Rhode Island",1987,124.4,10.02757,25.6,0.1644296,113.5,29
"Rhode Island",1988,138,10.0653,25.3,0.1607662,121.5,29
"Rhode Island",1989,120.8,10.08002,24.8,0.1571027,134.8,29
"Rhode Island",1990,101.4,10.05992,24,0.1534392,150.9,29
"Rhode Island",1991,103.6,10.03951,24.3,NA,170.3,29
"Rhode Island",1992,100.1,10.0497,22.8,NA,190,29
"Rhode Island",1993,94.1,10.06695,22.3,NA,197.9,29
"Rhode Island",1994,91.9,10.08022,22.6,NA,168.9,29
"Rhode Island",1995,90.8,10.13503,22.2,NA,209.6,29
"Rhode Island",1996,87.5,10.14552,21.7,NA,214.9,29
"Rhode Island",1997,90,10.15322,22.9,NA,217,29
"Rhode Island",1998,88.7,NA,NA,NA,232.2,29
"Rhode Island",1999,86.9,NA,NA,NA,251.7,29
"Rhode Island",2000,83.1,NA,NA,NA,322.9,29
"South Carolina",1970,103.6,NA,NA,0.2003088,32.5,30
"South Carolina",1971,115,NA,NA,0.2004893,34.3,30
"South Carolina",1972,118.7,9.509309,NA,0.2006698,34.1,30
"South Carolina",1973,125.5,9.563993,NA,0.2008503,33.5,30
"South Carolina",1974,129.7,9.558746,NA,0.2010309,35.2,30
"South Carolina",1975,130.5,9.527854,NA,0.2012114,38.1,30
"South Carolina",1976,136.8,9.574728,NA,0.2013919,41,30
"South Carolina",1977,137.2,9.589702,NA,0.2015724,42.2,30
"South Carolina",1978,140.4,9.626875,NA,0.201753,49.2,30
"South Carolina",1979,135.7,9.623209,NA,0.2019335,50.2,30
"South Carolina",1980,138.3,9.601186,NA,0.202114,52.3,30
"South Carolina",1981,136.1,9.600561,NA,0.197689,54.7,30
"South Carolina",1982,136,9.58379,NA,0.193264,61.9,30
"South Carolina",1983,131.1,9.625991,NA,0.1888389,72.4,30
"South Carolina",1984,127,9.675049,22,0.1844139,81.3,30
"South Carolina",1985,125.4,9.697684,22.1,0.1799889,83,30
"South Carolina",1986,126.6,9.729729,22.9,0.1755639,88.7,30
"South Carolina",1987,126.6,9.754577,23.5,0.1711388,95.3,30
"South Carolina",1988,124.4,9.792579,24,0.1667138,99.9,30
"South Carolina",1989,122.4,9.796468,24,0.1622888,111.9,30
"South Carolina",1990,118.6,9.827639,25.6,0.1578638,125.2,30
"South Carolina",1991,121.5,9.810625,23.8,NA,129,30
"South Carolina",1992,112.8,9.825443,23.8,NA,151.9,30
"South Carolina",1993,115.2,9.834693,24.2,NA,164.5,30
"South Carolina",1994,112.2,9.867614,24.7,NA,139.1,30
"South Carolina",1995,109.2,9.909873,24.9,NA,140,30
"South Carolina",1996,102.9,9.926654,25.4,NA,149.5,30
"South Carolina",1997,124.5,9.936011,25.6,NA,153.9,30
"South Carolina",1998,126.9,NA,NA,NA,165.3,30
"South Carolina",1999,109.4,NA,NA,NA,179.6,30
"South Carolina",2000,103.9,NA,NA,NA,255.3,30
"South Dakota",1970,92.7,NA,NA,0.1786787,38.5,31
"South Dakota",1971,96.7,NA,NA,0.1804924,38.5,31
"South Dakota",1972,103,9.630849,NA,0.1823062,39.1,31
"South Dakota",1973,103.5,9.808781,NA,0.1841199,39.6,31
"South Dakota",1974,108.4,9.697824,NA,0.1859337,40.4,31
"South Dakota",1975,113.5,9.694462,NA,0.1877474,42.8,31
"South Dakota",1976,116.7,9.623668,NA,0.1895612,45,31
"South Dakota",1977,115.6,9.678478,NA,0.1913749,46.4,31
"South Dakota",1978,116.9,9.756708,NA,0.1931887,53.2,31
"South Dakota",1979,117.4,9.752883,NA,0.1950025,54.1,31
"South Dakota",1980,114.7,9.616186,NA,0.1968162,58.8,31
"South Dakota",1981,115.7,9.665717,NA,0.1910096,62.3,31
"South Dakota",1982,113,9.649113,NA,0.185203,68,31
"South Dakota",1983,109.8,9.655467,NA,0.1793965,78.8,31
"South Dakota",1984,105.7,9.721091,21.7,0.1735899,89.8,31
"South Dakota",1985,104.4,9.719058,20.9,0.1677833,92.3,31
"South Dakota",1986,97,9.753733,21.2,0.1619767,108.5,31
"South Dakota",1987,95.8,9.779507,21.5,0.1561701,113.7,31
"South Dakota",1988,91.9,9.765355,21,0.1503635,124.7,31
"South Dakota",1989,87.4,9.814281,21.6,0.1445569,130.1,31
"South Dakota",1990,88.3,9.861736,23.4,0.1387504,138.9,31
"South Dakota",1991,91.8,9.869862,23.5,NA,150.3,31
"South Dakota",1992,93,9.896075,23.6,NA,163,31
"South Dakota",1993,91.6,9.902386,23.5,NA,180.3,31
"South Dakota",1994,94.8,9.972072,24.3,NA,154.4,31
"South Dakota",1995,98.6,9.924325,23.7,NA,162.1,31
"South Dakota",1996,92.3,9.987908,24.3,NA,171.2,31
"South Dakota",1997,88.8,9.955563,24.1,NA,181.7,31
"South Dakota",1998,88.3,NA,NA,NA,192.8,31
"South Dakota",1999,83.5,NA,NA,NA,207.9,31
"South Dakota",2000,75.1,NA,NA,NA,272.9,31
"Tennessee",1970,99.8,NA,NA,0.1780438,39.9,32
"Tennessee",1971,106.3,NA,NA,0.1788193,41.6,32
"Tennessee",1972,111.5,9.569716,NA,0.1795947,41.6,32
"Tennessee",1973,109.7,9.630975,NA,0.1803702,40.8,32
"Tennessee",1974,114.8,9.609496,NA,0.1811456,42.5,32
"Tennessee",1975,117.4,9.584546,NA,0.1819211,45.3,32
"Tennessee",1976,121.7,9.63203,NA,0.1826965,48.3,32
"Tennessee",1977,124.6,9.655991,NA,0.1834719,49.6,32
"Tennessee",1978,127.3,9.700672,NA,0.1842474,54.8,32
"Tennessee",1979,127.2,9.690542,NA,0.1850229,57.3,32
"Tennessee",1980,130.4,9.657698,NA,0.1857983,60.3,32
"Tennessee",1981,129.1,9.655215,NA,0.1821052,63.7,32
"Tennessee",1982,131.4,9.642689,NA,0.1784122,68.3,32
"Tennessee",1983,129,9.672341,NA,0.1747191,79.1,32
"Tennessee",1984,125.1,9.729241,19.7,0.171026,88.3,32
"Tennessee",1985,128.7,9.757005,19.8,0.1673329,92.5,32
"Tennessee",1986,129,9.814326,20.9,0.1636398,98.8,32
"Tennessee",1987,130.6,9.84234,21,0.1599468,103.5,32
"Tennessee",1988,125.3,9.864699,21.5,0.1562537,112.1,32
"Tennessee",1989,124.7,9.878853,21.1,0.1525606,121.5,32
"Tennessee",1990,121.8,9.879503,21.9,0.1488675,135,32
"Tennessee",1991,120.6,9.874686,21.4,NA,137.4,32
"Tennessee",1992,121,9.911444,21.7,NA,163.9,32
"Tennessee",1993,120.8,9.925889,21.6,NA,170.2,32
"Tennessee",1994,118.8,9.96069,21.5,NA,150.3,32
"Tennessee",1995,125.4,10.02626,21.4,NA,153,32
"Tennessee",1996,119.2,10.0345,21.5,NA,155.9,32
"Tennessee",1997,118.9,10.03078,21.3,NA,161.1,32
"Tennessee",1998,119.7,NA,NA,NA,167.7,32
"Tennessee",1999,115.6,NA,NA,NA,189.5,32
"Tennessee",2000,108.7,NA,NA,NA,261.2,32
"Texas",1970,106.4,NA,NA,0.1831414,40.4,33
"Texas",1971,108.9,NA,NA,0.1843086,42,33
"Texas",1972,108.6,9.675209,NA,0.1854758,46.9,33
"Texas",1973,110.4,9.725444,NA,0.186643,46.4,33
"Texas",1974,114.7,9.722986,NA,0.1878102,47.5,33
"Texas",1975,116,9.734613,NA,0.1889774,50.6,33
"Texas",1976,121.4,9.780997,NA,0.1901446,53.3,33
"Texas",1977,124.2,9.812738,NA,0.1913118,53.3,33
"Texas",1978,126.6,9.863807,NA,0.192479,59.1,33
"Texas",1979,126.4,9.877561,NA,0.1936462,62.2,33
"Texas",1980,129.7,9.86858,NA,0.1948134,63.7,33
"Texas",1981,129,9.898189,NA,0.1905501,66.9,33
"Texas",1982,131.2,9.887209,NA,0.1862867,73.8,33
"Texas",1983,126.4,9.880212,NA,0.1820234,84.1,33
"Texas",1984,117.2,9.909603,29.8,0.17776,93.8,33
"Texas",1985,115.9,9.928036,29.1,0.1734967,102.1,33
"Texas",1986,113.7,9.8984,29,0.1692333,105.5,33
"Texas",1987,105.8,9.88912,27.5,0.16497,114.4,33
"Texas",1988,96.5,9.905223,27.5,0.1607066,128,33
"Texas",1989,94.5,9.919108,27.6,0.1564433,137,33
"Texas",1990,85.6,9.930641,29,0.1521799,145.7,33
"Texas",1991,79.4,9.930667,27.7,NA,173.6,33
"Texas",1992,77.2,9.957264,28.5,NA,186,33
"Texas",1993,81.3,9.964247,28.1,NA,204.6,33
"Texas",1994,78.8,9.974076,28.3,NA,177.7,33
"Texas",1995,75.2,10.03184,27.1,NA,185,33
"Texas",1996,74.6,10.05282,27.1,NA,188.4,33
"Texas",1997,72.6,10.0708,27,NA,189.8,33
"Texas",1998,73.2,NA,NA,NA,201.8,33
"Texas",1999,67.6,NA,NA,NA,225,33
"Texas",2000,69.3,NA,NA,NA,292.3,33
"Utah",1970,65.5,NA,NA,0.2020774,34.6,34
"Utah",1971,67.7,NA,NA,0.2020613,36.6,34
"Utah",1972,71.3,9.601122,NA,0.2020452,37.2,34
"Utah",1973,72.7,9.626667,NA,0.2020292,36.5,34
"Utah",1974,75.6,9.612169,NA,0.2020131,37.8,34
"Utah",1975,75.8,9.601021,NA,0.201997,40.5,34
"Utah",1976,77.9,9.64516,NA,0.2019809,43.4,34
"Utah",1977,78,9.673471,NA,0.2019648,44.7,34
"Utah",1978,79.6,9.70817,NA,0.2019487,49.5,34
"Utah",1979,79.1,9.694103,NA,0.2019326,53.7,34
"Utah",1980,74.8,9.654541,NA,0.2019165,57.2,34
"Utah",1981,77.6,9.640061,NA,0.198395,62.7,34
"Utah",1982,73.6,9.628076,NA,0.1948735,68.1,34
"Utah",1983,69,9.643308,NA,0.191352,82,34
"Utah",1984,66.3,9.678898,13.4,0.1878305,95.3,34
"Utah",1985,66.5,9.697767,13.8,0.184309,104.6,34
"Utah",1986,64.4,9.715573,13.7,0.1807875,103.5,34
"Utah",1987,67.7,9.719886,13,0.177266,108.6,34
"Utah",1988,55,9.729156,12.8,0.1737445,122.9,34
"Utah",1989,57,9.74602,12.7,0.170223,135.6,34
"Utah",1990,53.4,9.755159,12.7,0.1667015,151.9,34
"Utah",1991,53.5,9.762184,13.2,NA,167.1,34
"Utah",1992,55,9.783387,13,NA,170.1,34
"Utah",1993,56.2,9.793717,21.9,NA,180.1,34
"Utah",1994,55.8,9.836629,12.9,NA,160.4,34
"Utah",1995,52,9.872345,12.8,NA,168.8,34
"Utah",1996,54,9.904766,13.2,NA,174.9,34
"Utah",1997,57,9.91558,13,NA,186.2,34
"Utah",1998,42.3,NA,NA,NA,222.7,34
"Utah",1999,43.9,NA,NA,NA,243.7,34
"Utah",2000,40.7,NA,NA,NA,312.9,34
"Vermont",1970,122.6,NA,NA,0.1797753,37.7,35
"Vermont",1971,124.4,NA,NA,0.1813672,39.5,35
"Vermont",1972,138,9.673069,NA,0.1829592,40,35
"Vermont",1973,146.8,9.699159,NA,0.1845511,39.8,35
"Vermont",1974,151.8,9.661792,NA,0.1861431,41.3,35
"Vermont",1975,155.5,9.637124,NA,0.187735,41.8,35
"Vermont",1976,171.1,9.680714,NA,0.1893269,47.1,35
"Vermont",1977,169.4,9.687761,NA,0.1909189,47,35
"Vermont",1978,162.4,9.746978,NA,0.1925108,52.5,35
"Vermont",1979,160.9,9.747611,NA,0.1941028,54.8,35
"Vermont",1980,161.6,9.722965,NA,0.1956947,58.9,35
"Vermont",1981,163.8,9.72744,NA,0.1911066,61,35
"Vermont",1982,162.3,9.723439,NA,0.1865185,66.8,35
"Vermont",1983,153.8,9.759017,NA,0.1819305,77,35
"Vermont",1984,144.3,9.80524,26.3,0.1773424,90.6,35
"Vermont",1985,144.5,9.848504,26.6,0.1727543,95.5,35
"Vermont",1986,131.2,9.907775,27.6,0.1681662,104.9,35
"Vermont",1987,128.3,9.935688,27.8,0.1635781,113.8,35
"Vermont",1988,128.7,9.960271,27,0.15899,123.7,35
"Vermont",1989,120.9,9.992056,26,0.1544019,129.7,35
"Vermont",1990,124.3,9.972933,26.1,0.1498138,143.7,35
"Vermont",1991,120.9,9.951283,25,NA,150.1,35
"Vermont",1992,126.5,9.976772,23.9,NA,168,35
"Vermont",1993,117.2,9.979687,23.7,NA,173.8,35
"Vermont",1994,120.3,9.993938,23.3,NA,159.6,35
"Vermont",1995,123.2,10.04172,22.8,NA,160.1,35
"Vermont",1996,102.5,10.06101,23.3,NA,196.4,35
"Vermont",1997,97.7,10.0434,2.5,NA,201.9,35
"Vermont",1998,97,NA,NA,NA,213.9,35
"Vermont",1999,94.1,NA,NA,NA,233.7,35
"Vermont",2000,88.9,NA,NA,NA,301.1,35
"Virginia",1970,124.3,NA,NA,0.1894216,28.8,36
"Virginia",1971,128.4,NA,NA,0.1898735,30.2,36
"Virginia",1972,137,9.736405,NA,0.1903254,29.9,36
"Virginia",1973,143.1,9.781525,NA,0.1907773,30.1,36
"Virginia",1974,149.6,9.772517,NA,0.1912292,31.3,36
"Virginia",1975,152.7,9.761777,NA,0.1916811,33.6,36
"Virginia",1976,158.1,9.799573,NA,0.192133,37.9,36
"Virginia",1977,157.7,9.828063,NA,0.1925849,38.4,36
"Virginia",1978,155.9,9.868163,NA,0.1930367,42.8,36
"Virginia",1979,151.8,9.870887,NA,0.1934886,45.8,36
"Virginia",1980,148.9,9.866592,NA,0.1939405,48.5,36
"Virginia",1981,149.9,9.86719,NA,0.1898061,51.8,36
"Virginia",1982,147.4,9.870553,NA,0.1856717,56.4,36
"Virginia",1983,144.7,9.907087,NA,0.1815373,68.8,36
"Virginia",1984,136.8,9.955709,22.4,0.1774029,76,36
"Virginia",1985,134.6,9.98497,22.4,0.1732686,83.6,36
"Virginia",1986,135.8,10.03191,23.4,0.1691342,91.3,36
"Virginia",1987,133,10.05443,23.5,0.1649998,94.6,36
"Virginia",1988,129.5,10.07846,23.3,0.1608654,102.1,36
"Virginia",1989,122.5,10.09796,23.6,0.156731,109.4,36
"Virginia",1990,118.9,10.08653,24,0.1525966,128.6,36
"Virginia",1991,109.1,10.07138,23,NA,136.5,36
"Virginia",1992,108.2,10.08065,22.5,NA,157.9,36
"Virginia",1993,105.4,10.08279,22.2,NA,165.7,36
"Virginia",1994,106.2,10.10628,21.7,NA,156.5,36
"Virginia",1995,106.7,10.15624,20.7,NA,157.5,36
"Virginia",1996,104.6,10.17183,20.6,NA,159.6,36
"Virginia",1997,108,10.17056,20.5,NA,159.6,36
"Virginia",1998,105.6,NA,NA,NA,162.2,36
"Virginia",1999,102.1,NA,NA,NA,183.7,36
"Virginia",2000,96.7,NA,NA,NA,252.8,36
"West Virginia",1970,114.5,NA,NA,0.1725917,33.7,37
"West Virginia",1971,111.5,NA,NA,0.1731274,41.6,37
"West Virginia",1972,117.5,9.542988,NA,0.1736631,41.3,37
"West Virginia",1973,116.6,9.569655,NA,0.1741988,39.9,37
"West Virginia",1974,119.9,9.565596,NA,0.1747345,42,37
"West Virginia",1975,123.2,9.585304,NA,0.1752702,45.2,37
"West Virginia",1976,129.7,9.626164,NA,0.1758059,48.4,37
"West Virginia",1977,133.9,9.658364,NA,0.1763416,48.9,37
"West Virginia",1978,131.6,9.687846,NA,0.1768773,53.9,37
"West Virginia",1979,122.1,9.683867,NA,0.177413,62.4,37
"West Virginia",1980,122.3,9.652032,NA,0.1779487,64.3,37
"West Virginia",1981,120.5,9.629269,NA,0.1746692,66.2,37
"West Virginia",1982,119.8,9.626738,NA,0.1713896,75.1,37
"West Virginia",1983,115.7,9.612957,NA,0.1681101,88.2,37
"West Virginia",1984,111.9,9.640779,19.7,0.1648305,97.2,37
"West Virginia",1985,109.1,9.651716,19.7,0.161551,103.2,37
"West Virginia",1986,112.1,9.688001,19.6,0.1582714,104.1,37
"West Virginia",1987,107.5,9.683081,19.9,0.1549919,112.8,37
"West Virginia",1988,109.1,9.708301,20.1,0.1517123,122.2,37
"West Virginia",1989,104,9.724772,20.2,0.1484328,131.2,37
"West Virginia",1990,104.1,9.748378,21.7,0.1451532,142.9,37
"West Virginia",1991,100.1,9.757508,21.5,NA,144.1,37
"West Virginia",1992,97.9,9.784765,21,NA,158.2,37
"West Virginia",1993,111,9.794651,21.6,NA,166.2,37
"West Virginia",1994,104.2,9.830106,21.5,NA,150.1,37
"West Virginia",1995,115.2,9.83427,20.9,NA,156.8,37
"West Virginia",1996,112.7,9.845186,21,NA,157.3,37
"West Virginia",1997,114.5,9.837127,21,NA,160.9,37
"West Virginia",1998,114.6,NA,NA,NA,171.1,37
"West Virginia",1999,112.4,NA,NA,NA,192.4,37
"West Virginia",2000,107.9,NA,NA,NA,253.7,37
"Wisconsin",1970,106.4,NA,NA,0.174287,38.5,38
"Wisconsin",1971,105.4,NA,NA,0.1763441,40.2,38
"Wisconsin",1972,108.8,9.749259,NA,0.1784011,40.3,38
"Wisconsin",1973,109.5,9.797751,NA,0.1804582,42.6,38
"Wisconsin",1974,111.8,9.782349,NA,0.1825152,43.9,38
"Wisconsin",1975,113.5,9.766184,NA,0.1845723,46.6,38
"Wisconsin",1976,115.4,9.807609,NA,0.1866294,51.3,38
"Wisconsin",1977,117.2,9.852298,NA,0.1886864,52.1,38
"Wisconsin",1978,116.7,9.88982,NA,0.1907435,57.1,38
"Wisconsin",1979,117.1,9.892312,NA,0.1928006,58.7,38
"Wisconsin",1980,117.6,9.855584,NA,0.1948576,61.2,38
"Wisconsin",1981,119.9,9.834293,NA,0.1897798,64.9,38
"Wisconsin",1982,115.6,9.821299,NA,0.184702,75,38
"Wisconsin",1983,106.3,9.83835,NA,0.1796242,92,38
"Wisconsin",1984,105.6,9.881549,32.9,0.1745464,100.8,38
"Wisconsin",1985,107,9.894386,32.1,0.1694686,106.8,38
"Wisconsin",1986,105.4,9.932973,32.7,0.1643908,110.8,38
"Wisconsin",1987,106,9.941294,31.5,0.159313,116.3,38
"Wisconsin",1988,102.6,9.947214,31,0.1542352,128.6,38
"Wisconsin",1989,100.3,9.965262,30.2,0.1491573,138.3,38
"Wisconsin",1990,94,9.969337,30.5,0.1440795,151.1,38
"Wisconsin",1991,95.5,9.960521,29,NA,158.6,38
"Wisconsin",1992,96.2,9.99266,28.1,NA,176.5,38
"Wisconsin",1993,91.2,9.999533,28.3,NA,195.5,38
"Wisconsin",1994,91.8,10.03168,28.3,NA,178.6,38
"Wisconsin",1995,93.5,10.07112,28,NA,188,38
"Wisconsin",1996,92.1,10.09,27.6,NA,200.5,38
"Wisconsin",1997,91.9,10.09384,28.6,NA,200.7,38
"Wisconsin",1998,88.7,NA,NA,NA,210.8,38
"Wisconsin",1999,84.4,NA,NA,NA,243.5,38
"Wisconsin",2000,80.1,NA,NA,NA,312.8,38
"Wyoming",1970,132.2,NA,NA,0.1746988,34.1,39
"Wyoming",1971,131.7,NA,NA,0.1772289,34.4,39
"Wyoming",1972,140,9.76671,NA,0.179759,34.4,39
"Wyoming",1973,141.2,9.843485,NA,0.1822892,34.4,39
"Wyoming",1974,145.8,9.85929,NA,0.1848193,35.8,39
"Wyoming",1975,160.7,9.848104,NA,0.1873494,38.6,39
"Wyoming",1976,161.5,9.871498,NA,0.1898795,42.6,39
"Wyoming",1977,160.4,9.923921,NA,0.1924096,43.4,39
"Wyoming",1978,160.3,10.00353,NA,0.1949398,49.8,39
"Wyoming",1979,168.6,10.01674,NA,0.1974699,51.7,39
"Wyoming",1980,158.1,10.01396,NA,0.2,55.3,39
"Wyoming",1981,163.1,9.99972,NA,0.1935518,55.9,39
"Wyoming",1982,157.7,9.945314,NA,0.1871035,64.3,39
"Wyoming",1983,141.2,9.884188,NA,0.1806553,71,39
"Wyoming",1984,128.9,9.884352,26.3,0.174207,81.7,39
"Wyoming",1985,125.7,9.910659,26,0.1677588,87.4,39
"Wyoming",1986,124.8,9.874267,24.5,0.1613106,97.8,39
"Wyoming",1987,110.4,9.839849,24.5,0.1548623,102.7,39
"Wyoming",1988,114.3,9.870647,23.6,0.1484141,112.9,39
"Wyoming",1989,111.4,9.892477,23,0.1419659,118.6,39
"Wyoming",1990,96.9,9.939313,25.1,0.1355176,129.5,39
"Wyoming",1991,109.1,9.978408,24.7,NA,136,39
"Wyoming",1992,110.8,9.979329,24.7,NA,155.1,39
"Wyoming",1993,108.4,9.995123,24.3,NA,166.9,39
"Wyoming",1994,111.2,10.00381,25,NA,147.4,39
"Wyoming",1995,115,10.00949,23.6,NA,153,39
"Wyoming",1996,110.3,10.01677,24.6,NA,162.5,39
"Wyoming",1997,108.8,10.02561,24.6,NA,164.1,39
"Wyoming",1998,102.9,NA,NA,NA,168.8,39
"Wyoming",1999,104.8,NA,NA,NA,189.6,39
"Wyoming",2000,90.5,NA,NA,NA,267.1,39
